{
  "__type__": "cc.SpriteFrame",
  "content": {
    "name": "stick",
    "atlas": "",
    "rect": {
      "x": 178,
      "y": 0,
      "width": 14,
      "height": 370
    },
    "offset": {
      "x": 0,
      "y": 0
    },
    "originalSize": {
      "width": 370,
      "height": 370
    },
    "rotated": false,
    "capInsets": [
      0,
      0,
      0,
      0
    ],
    "vertices": {
      "rawPosition": [
        -7,
        -185,
        0,
        7,
        -185,
        0,
        -7,
        185,
        0,
        7,
        185,
        0
      ],
      "indexes": [
        0,
        1,
        2,
        2,
        1,
        3
      ],
      "uv": [
        178,
        370,
        192,
        370,
        178,
        0,
        192,
        0
      ],
      "nuv": [
        0.4810810810810811,
        0,
        0.518918918918919,
        0,
        0.4810810810810811,
        1,
        0.518918918918919,
        1
      ],
      "minPos": {
        "x": -7,
        "y": -185,
        "z": 0
      },
      "maxPos": {
        "x": 7,
        "y": 185,
        "z": 0
      }
    },
    "texture": "50456374-23be-4b11-be73-98e0dc8189af@6c48a",
    "packable": true,
    "pixelsToUnit": 100,
    "pivot": {
      "x": 0.5,
      "y": 0.5
    },
    "meshType": 0
  }
}