{
  "__type__": "cc.SpriteFrame",
  "content": {
    "name": "red",
    "atlas": "",
    "rect": {
      "x": 1,
      "y": 28,
      "width": 1179,
      "height": 545
    },
    "offset": {
      "x": -9.5,
      "y": -14
    },
    "originalSize": {
      "width": 1200,
      "height": 573
    },
    "rotated": false,
    "capInsets": [
      0,
      0,
      0,
      0
    ],
    "vertices": {
      "rawPosition": [
        -589.5,
        -272.5,
        0,
        589.5,
        -272.5,
        0,
        -589.5,
        272.5,
        0,
        589.5,
        272.5,
        0
      ],
      "indexes": [
        0,
        1,
        2,
        2,
        1,
        3
      ],
      "uv": [
        1,
        545,
        1180,
        545,
        1,
        0,
        1180,
        0
      ],
      "nuv": [
        0.0008333333333333334,
        0,
        0.9833333333333333,
        0,
        0.0008333333333333334,
        0.9511343804537522,
        0.9833333333333333,
        0.9511343804537522
      ],
      "minPos": {
        "x": -589.5,
        "y": -272.5,
        "z": 0
      },
      "maxPos": {
        "x": 589.5,
        "y": 272.5,
        "z": 0
      }
    },
    "texture": "507fe507-bd29-4f65-970c-6ada0203d960@6c48a",
    "packable": true,
    "pixelsToUnit": 100,
    "pivot": {
      "x": 0.5,
      "y": 0.5
    },
    "meshType": 0
  }
}